{"file":"mj_centerUI.png","frames":{
"outmjtile_sign":{"x":128,"y":359,"w":34,"h":45,"offX":0,"offY":0,"sourceW":34,"sourceH":45},
"ready_sign":{"x":34,"y":351,"w":47,"h":54,"offX":0,"offY":1,"sourceW":47,"sourceH":55},
"roomMsgBg":{"x":0,"y":75,"w":257,"h":82,"offX":0,"offY":0,"sourceW":257,"sourceH":82},
"turn_pos_0":{"x":477,"y":85,"w":32,"h":98,"offX":0,"offY":0,"sourceW":32,"sourceH":98},
"turn_pos_1":{"x":391,"y":200,"w":98,"h":32,"offX":0,"offY":0,"sourceW":98,"sourceH":32},
"turn_pos_2":{"x":0,"y":351,"w":32,"h":98,"offX":0,"offY":0,"sourceW":32,"sourceH":98},
"turn_pos_3":{"x":259,"y":115,"w":98,"h":32,"offX":0,"offY":0,"sourceW":98,"sourceH":32},
"turn_pos_bg":{"x":301,"y":0,"w":115,"h":113,"offX":0,"offY":1,"sourceW":115,"sourceH":115},
"xinhao0":{"x":34,"y":407,"w":29,"h":25,"offX":0,"offY":0,"sourceW":29,"sourceH":25},
"xinhao1":{"x":418,"y":85,"w":29,"h":25,"offX":0,"offY":0,"sourceW":29,"sourceH":25},
"xinhao2":{"x":140,"y":289,"w":29,"h":25,"offX":0,"offY":0,"sourceW":29,"sourceH":25},
"xinhao3":{"x":0,"y":451,"w":29,"h":25,"offX":0,"offY":0,"sourceW":29,"sourceH":25},
"xinhao4":{"x":34,"y":434,"w":29,"h":25,"offX":0,"offY":0,"sourceW":29,"sourceH":25},
"zi_jiesan":{"x":140,"y":318,"w":137,"h":39,"offX":0,"offY":0,"sourceW":137,"sourceH":39},
"game_baoBg":{"x":264,"y":242,"w":147,"h":74,"offX":0,"offY":0,"sourceW":147,"sourceH":74},
"game_chat":{"x":418,"y":0,"w":83,"h":83,"offX":0,"offY":0,"sourceW":85,"sourceH":86},
"game_greenBtn":{"x":0,"y":159,"w":212,"h":73,"offX":0,"offY":0,"sourceW":212,"sourceH":73},
"game_host":{"x":259,"y":75,"w":39,"h":37,"offX":0,"offY":0,"sourceW":39,"sourceH":37},
"game_longBtn":{"x":0,"y":0,"w":299,"h":73,"offX":0,"offY":0,"sourceW":299,"sourceH":73},
"game_luyin":{"x":391,"y":115,"w":84,"h":83,"offX":0,"offY":0,"sourceW":85,"sourceH":86},
"game_playSound":{"x":0,"y":289,"w":138,"h":60,"offX":1,"offY":0,"sourceW":139,"sourceH":60},
"game_quit":{"x":279,"y":318,"w":43,"h":43,"offX":0,"offY":0,"sourceW":43,"sourceH":43},
"game_setBg":{"x":214,"y":159,"w":175,"h":81,"offX":1,"offY":1,"sourceW":177,"sourceH":82},
"game_setting":{"x":83,"y":351,"w":43,"h":45,"offX":0,"offY":0,"sourceW":43,"sourceH":45},
"game_webInvite":{"x":0,"y":242,"w":262,"h":45,"offX":0,"offY":0,"sourceW":262,"sourceH":45},
"icon_laizi":{"x":83,"y":398,"w":30,"h":38,"offX":0,"offY":0,"sourceW":30,"sourceH":38},
"icon_pizi":{"x":359,"y":115,"w":30,"h":38,"offX":0,"offY":0,"sourceW":30,"sourceH":38}}}