{"file":"mj_createRoomUI.png","frames":{
"create_select":{"x":838,"y":0,"w":29,"h":29,"offX":3,"offY":3,"sourceW":35,"sourceH":35},
"create_title":{"x":445,"y":0,"w":218,"h":59,"offX":0,"offY":0,"sourceW":218,"sourceH":59},
"create_andi":{"x":0,"y":0,"w":443,"h":35,"offX":0,"offY":0,"sourceW":443,"sourceH":35},
"create_cutline":{"x":0,"y":61,"w":923,"h":2,"offX":0,"offY":0,"sourceW":923,"sourceH":2},
"create_delete":{"x":869,"y":0,"w":105,"h":3,"offX":0,"offY":0,"sourceW":105,"sourceH":3},
"create_freezi":{"x":665,"y":0,"w":134,"h":38,"offX":0,"offY":0,"sourceW":134,"sourceH":38},
"create_noselect":{"x":801,"y":0,"w":35,"h":35,"offX":0,"offY":0,"sourceW":35,"sourceH":35}}}