<?xml version="1.0" encoding="UTF-8"?>
<project name="game" default="main" basedir="..">
	<property name="output.name" value="${ant.project.name}.jar" />
	<property name="server.dir" value="${basedir}/${ant.project.name}" />
	<property name="dist.dir" value="${basedir}/bin/${ant.project.name}" />
	<property name="src.dir" value="${server.dir}/src" />
	<property name="lib.dir" value="${basedir}/lib"/>
	<property name="classes.dir" value="${server.dir}/build" />
	<property file="${basedir}/bin/version.properties" />

	<path id="classpath">
		<fileset dir="${lib.dir}" includes="**/*.jar,**/*.so,**/*.dll" />
	</path>

	<pathconvert property="libs.project" pathsep=" ">
		<mapper>
			<chainedmapper>
				<flattenmapper />
				<globmapper from="*" to="lib/*" />
			</chainedmapper>
		</mapper>
		<path>
			<fileset dir="${lib.dir}">
				<include name="**/*.jar" />
				<include name="**/*.so" />
				<include name="**/*.dll" />
			</fileset>
		</path>
	</pathconvert>

	<target name="main" depends="clean,compile,package" />

	<target name="prepare">
		<mkdir dir="${classes.dir}" />
	</target>

	<target name="run-depend" if="src.depend">
		<echo message="Removing class files that changed and dependent class files." />
		<depend cache="${classes.dir}" srcdir="${src.dir}" destdir="${classes.dir}" />
	</target>

	<target name="copy-resources">
		<echo message="Copy xml, dat and property file from work src dir to the class dir" />
		<!-- copy to the classes directory -->
		<copy todir="${classes.dir}">
			<fileset dir="${src.dir}">
				<include name="com/**/*.*" />
				<include name="*.xml" />
				<exclude name="log4j2.xml" />
				<exclude name="com/**/*.java" />
			</fileset>
		</copy>
	</target>

	<target name="compile" depends="prepare,run-depend,copy-resources" description="compile">
		<javac encoding="utf-8" includeantruntime="on" debug="true" source="1.8" destdir="${classes.dir}" srcdir="${src.dir}" classpathref="classpath" />
	</target>

	<target name="package" description=" Creates distribution jar file">
		<mkdir dir="${dist.dir}" />
		<copy todir="${dist.dir}/lib" filtering="off">
			<flattenmapper />
			<fileset dir="${lib.dir}" includes="**/*.jar,**/*.so,**/*.dll" />
		</copy>
		<copy todir="${dist.dir}">
			<fileset dir="${src.dir}">
				<include name="config/**/*.xml" />
				<include name="log4j2.xml" />
				<exclude name="config/cross-config.xml" />
				<exclude name="config/cross-spring-task.xml" />
			</fileset>
		</copy>
		<delete file="MANIFEST.MF" />
		<tstamp>
			<format property="buildTime" pattern="yyyy-MM-dd HH:mm:ss" />
		</tstamp>
		<manifest file="MANIFEST.MF">
			<attribute name="Main-Class" value="com.lingyu.game.GameServer" />
			<attribute name="Built-By" value="${user.name}" />
			<attribute name="Built-Date" value="${buildTime}" />
			<attribute name="Implementation-Version" value="${branch}-${svn}-${version}" />
			<attribute name="Class-Path" value=" . ${libs.project}" />
		</manifest>
		<jar destfile="${dist.dir}/${output.name}" basedir="${classes.dir}" manifest="MANIFEST.MF" />
		<delete file="MANIFEST.MF" />
	</target>
	<target name="start" description="start ${ant.project.name} server">
		<exec executable="${dist.dir}/start.sh" dir="${dist.dir}" spawn="true" />
	</target>
	<target name="stop" description="stop ${ant.project.name} server">
		<exec executable="${dist.dir}/stop.sh" dir="${dist.dir}" spawn="true" />
	</target>
	<target name="clean" description=" Removes jars and classes">
		<delete quiet="true" dir="${classes.dir}" />
		<delete file="${dist.dir}" />
	</target>
	<target name="obfuscate">
	  <move file="${dist.dir}/${output.name}" todir="${dist.dir}/log/"/>
	  <taskdef resource="proguard/ant/task.properties"/>
	  <proguard configuration="${dist.dir}/obfuscate.properties" />
	  <delete file="${dist.dir}/log/${output.name}"/>
	</target>
</project>
