{
	"groups": [
		{
			"keys": "checkbox_select_disabled_png,checkbox_select_down_png,checkbox_select_up_png,checkbox_unselect_png,selected_png,border_png,header_png,radiobutton_select_disabled_png,radiobutton_select_down_png,radiobutton_select_up_png,radiobutton_unselect_png,roundthumb_png,thumb_png,track_png,tracklight_png,handle_png,off_png,on_png,button_down_png,button_up_png,thumb_pb_png,track_pb_png,track_sb_png,bg_jpg,egret_icon_png,description_json,settleHu_png,code_json,mj_setting_json,jiesuan_bg_png,settle_renderBg_png,settle_bar_png,settle_lightbar_png,mj_settle_json,mj_settleLoseFont_fnt,mj_settleLoseFontUI_png,mj_settleWinFont_fnt,mj_settleWinFontUI_png",
			"name": "preload"
		},
		{
			"keys": "toast-bg_png,loading2_png,mj_load_json,bgm2_mp3,code_json,mj_operate_json",
			"name": "login"
		},
		{
			"keys": "mj_redFontUI_png,mj_redFont_fnt,mj_blueFontUI_png,mj_blueFont_fnt,mj_center_json,mj_settleWinFont_fnt,mj_settleLoseFont_fnt,mj_settleWinFontUI_png,mj_settleLoseFontUI_png",
			"name": "gameRes"
		},
		{
			"keys": "mj_mainFrame_json,mj_setting_json",
			"name": "mainFrame"
		},
		{
			"keys": "mj_enterroom_json",
			"name": "enterRoom"
		},
		{
			"keys": "mj_createRoom_json",
			"name": "createRoom"
		},
		{
			"keys": "mj_settle_json,mj_settleUI_png",
			"name": "settle"
		}
	],
	"resources": [
		{
			"url": "assets/CheckBox/checkbox_select_disabled.png",
			"type": "image",
			"name": "checkbox_select_disabled_png"
		},
		{
			"url": "assets/CheckBox/checkbox_select_down.png",
			"type": "image",
			"name": "checkbox_select_down_png"
		},
		{
			"url": "assets/CheckBox/checkbox_select_up.png",
			"type": "image",
			"name": "checkbox_select_up_png"
		},
		{
			"url": "assets/CheckBox/checkbox_unselect.png",
			"type": "image",
			"name": "checkbox_unselect_png"
		},
		{
			"url": "assets/ItemRenderer/selected.png",
			"type": "image",
			"name": "selected_png"
		},
		{
			"url": "assets/Panel/border.png",
			"type": "image",
			"name": "border_png"
		},
		{
			"url": "assets/Panel/header.png",
			"type": "image",
			"name": "header_png"
		},
		{
			"url": "assets/RadioButton/radiobutton_select_disabled.png",
			"type": "image",
			"name": "radiobutton_select_disabled_png"
		},
		{
			"url": "assets/RadioButton/radiobutton_select_down.png",
			"type": "image",
			"name": "radiobutton_select_down_png"
		},
		{
			"url": "assets/RadioButton/radiobutton_select_up.png",
			"type": "image",
			"name": "radiobutton_select_up_png"
		},
		{
			"url": "assets/RadioButton/radiobutton_unselect.png",
			"type": "image",
			"name": "radiobutton_unselect_png"
		},
		{
			"url": "assets/ScrollBar/roundthumb.png",
			"type": "image",
			"name": "roundthumb_png"
		},
		{
			"url": "assets/Slider/thumb.png",
			"type": "image",
			"name": "thumb_png"
		},
		{
			"url": "assets/Slider/track.png",
			"type": "image",
			"name": "track_png"
		},
		{
			"url": "assets/Slider/tracklight.png",
			"type": "image",
			"name": "tracklight_png"
		},
		{
			"url": "assets/ToggleSwitch/handle.png",
			"type": "image",
			"name": "handle_png"
		},
		{
			"url": "assets/ToggleSwitch/off.png",
			"type": "image",
			"name": "off_png"
		},
		{
			"url": "assets/ToggleSwitch/on.png",
			"type": "image",
			"name": "on_png"
		},
		{
			"url": "assets/Button/button_down.png",
			"type": "image",
			"name": "button_down_png"
		},
		{
			"url": "assets/Button/button_up.png",
			"type": "image",
			"name": "button_up_png"
		},
		{
			"url": "assets/ProgressBar/thumb_pb.png",
			"type": "image",
			"name": "thumb_pb_png"
		},
		{
			"url": "assets/ProgressBar/track_pb.png",
			"type": "image",
			"name": "track_pb_png"
		},
		{
			"url": "assets/ScrollBar/track_sb.png",
			"type": "image",
			"name": "track_sb_png"
		},
		{
			"url": "assets/bg.jpg",
			"type": "image",
			"name": "bg_jpg"
		},
		{
			"url": "assets/egret_icon.png",
			"type": "image",
			"name": "egret_icon_png"
		},
		{
			"url": "config/description.json",
			"type": "json",
			"name": "description_json"
		},
		{
			"url": "assets/ui/mj_center.json",
			"type": "sheet",
			"name": "mj_center_json",
			"subkeys": "game_baoBg,game_chat,game_greenBtn,game_host,game_longBtn,game_luyin,game_playSound,game_quit,game_setBg,game_setting,game_webInvite,icon_laizi,icon_pizi,outmjtile_sign,ready_sign,roomMsgBg,turn_pos_0,turn_pos_1,turn_pos_2,turn_pos_3,turn_pos_bg,xinhao0,xinhao1,xinhao2,xinhao3,xinhao4,zi_jiesan"
		},
		{
			"url": "assets/font/mj_blueFontUI.png",
			"type": "image",
			"name": "mj_blueFontUI_png"
		},
		{
			"url": "assets/font/mj_redFontUI.png",
			"type": "image",
			"name": "mj_redFontUI_png"
		},
		{
			"url": "assets/font/mj_blueFont.fnt",
			"type": "font",
			"name": "mj_blueFont_fnt"
		},
		{
			"url": "assets/font/mj_redFont.fnt",
			"type": "font",
			"name": "mj_redFont_fnt"
		},
		{
			"url": "assets/login/loading2.png",
			"type": "image",
			"name": "loading2_png"
		},
		{
			"url": "assets/login/toast-bg.png",
			"type": "image",
			"name": "toast-bg_png"
		},
		{
			"url": "assets/ui/mj_load.json",
			"type": "sheet",
			"name": "mj_load_json",
			"subkeys": "commonClose,jidutiaod,jidutiaos,jzshazi,load_bar,load_barBg,loading_zi,login_btn_checkbox,login_check_mark,yellowBtn"
		},
		{
			"url": "assets/ui/mj_mainFrame.json",
			"type": "sheet",
			"name": "mj_mainFrame_json",
			"subkeys": "main_add,main_backSee,main_custom,main_ggBg,main_gonggao,main_headBg,main_headMask,main_ka,main_kabg,main_laba,main_msg,main_rule,main_set,main_share,mf_msgshow,question"
		},
		{
			"url": "assets/ui/mj_enterroom.json",
			"type": "sheet",
			"name": "mj_enterroom_json",
			"subkeys": "btn_del,btn_num_0,btn_num_1,btn_num_2,btn_num_3,btn_num_4,btn_num_5,btn_num_6,btn_num_7,btn_num_8,btn_num_9,btn_reset,enterRoomNumBg,enterRoomTitle,enterRoom_input"
		},
		{
			"url": "sound/bgm2.mp3",
			"type": "sound",
			"name": "bgm2_mp3"
		},
		{
			"url": "assets/ui/mj_operate.json",
			"type": "sheet",
			"name": "mj_operate_json",
			"subkeys": "op_eat,op_gang,op_hu,op_pass,op_peng"
		},
		{
			"url": "UIImage/settleHu.png",
			"type": "image",
			"name": "settleHu_png"
		},
		{
			"url": "UIImage/testHelp.png",
			"type": "image",
			"name": "testHelp_png"
		},
		{
			"url": "assets/ui/mj_mainGame.json",
			"type": "sheet",
			"name": "mj_mainGame_json",
			"subkeys": "btn_back_sala,btn_dismiss_room,btn_weixin_invite,huatong,off_line_sign,timeclock"
		},
		{
			"url": "config/code.json",
			"type": "json",
			"name": "code_json"
		},
		{
			"url": "UIImage/login_bg.jpg",
			"type": "image",
			"name": "login_bg_jpg"
		},
		{
			"url": "UIImage/public_frame_small.png",
			"type": "image",
			"name": "public_frame_small_png"
		},
		{
			"url": "UIImage/public_frame_big.png",
			"type": "image",
			"name": "public_frame_big_png"
		},
		{
			"url": "UIImage/frameBarLong.png",
			"type": "image",
			"name": "frameBarLong_png"
		},
		{
			"url": "UIImage/frameBarShort.png",
			"type": "image",
			"name": "frameBarShort_png"
		},
		{
			"url": "UIImage/logo.png",
			"type": "image",
			"name": "logo_png"
		},
		{
			"url": "UIImage/main_enterRoom.png",
			"type": "image",
			"name": "main_enterRoom_png"
		},
		{
			"url": "UIImage/main_createRoom.png",
			"type": "image",
			"name": "main_createRoom_png"
		},
		{
			"url": "UIImage/main_logo.png",
			"type": "image",
			"name": "main_logo_png"
		},
		{
			"url": "UIImage/main_diban.png",
			"type": "image",
			"name": "main_diban_png"
		},
		{
			"url": "UIImage/s_kuang_gao.png",
			"type": "image",
			"name": "s_kuang_gao_png"
		},
		{
			"url": "assets/ui/mj_createRoom.json",
			"type": "sheet",
			"name": "mj_createRoom_json",
			"subkeys": "create_andi,create_cutline,create_delete,create_freezi,create_noselect,create_select,create_title"
		},
		{
			"url": "UIImage/b_kuang_gao.png",
			"type": "image",
			"name": "b_kuang_gao_png"
		},
		{
			"url": "UIImage/s_kuang_ai.png",
			"type": "image",
			"name": "s_kuang_ai_png"
		},
		{
			"url": "UIImage/b_kuang_ai.png",
			"type": "image",
			"name": "b_kuang_ai_png"
		},
		{
			"url": "assets/ui/mj_setting.json",
			"type": "sheet",
			"name": "mj_setting_json",
			"subkeys": "set_bar,set_barBg,set_head,set_music,set_musicOff,set_musicOn,set_title,set_yinxiao,set_yinxiaoOff,set_yinxiaoOn,set_zi"
		},
		{
			"url": "UIImage/jiesuan_bg.png",
			"type": "image",
			"name": "jiesuan_bg_png"
		},
		{
			"url": "UIImage/settle_renderBg.png",
			"type": "image",
			"name": "settle_renderBg_png"
		},
		{
			"url": "UIImage/settle_bar.png",
			"type": "image",
			"name": "settle_bar_png"
		},
		{
			"url": "UIImage/settle_lightbar.png",
			"type": "image",
			"name": "settle_lightbar_png"
		},
		{
			"url": "assets/ui/mj_settle.json",
			"type": "sheet",
			"name": "mj_settle_json",
			"subkeys": "settle_bigwiner,settle_endzi,settle_host,settle_huangpai,settle_main,settle_pao,settle_score,settle_sharezi,settle_startzi,settle_win"
		},
		{
			"url": "assets/ui/mj_centerUI.png",
			"type": "image",
			"name": "mj_centerUI_png"
		},
		{
			"url": "assets/ui/mj_createRoomUI.png",
			"type": "image",
			"name": "mj_createRoomUI_png"
		},
		{
			"url": "assets/ui/mj_enterroomUI.png",
			"type": "image",
			"name": "mj_enterroomUI_png"
		},
		{
			"url": "assets/ui/mj_loadUI.png",
			"type": "image",
			"name": "mj_loadUI_png"
		},
		{
			"url": "assets/ui/mj_mainFrameUI.png",
			"type": "image",
			"name": "mj_mainFrameUI_png"
		},
		{
			"url": "assets/ui/mj_mainGameUI.png",
			"type": "image",
			"name": "mj_mainGameUI_png"
		},
		{
			"url": "assets/ui/mj_operateUI.png",
			"type": "image",
			"name": "mj_operateUI_png"
		},
		{
			"url": "assets/ui/mj_settingUI.png",
			"type": "image",
			"name": "mj_settingUI_png"
		},
		{
			"url": "assets/ui/mj_settleUI.png",
			"type": "image",
			"name": "mj_settleUI_png"
		},
		{
			"url": "assets/font/mj_settleLoseFont.fnt",
			"type": "font",
			"name": "mj_settleLoseFont_fnt"
		},
		{
			"url": "assets/font/mj_settleLoseFontUI.png",
			"type": "image",
			"name": "mj_settleLoseFontUI_png"
		},
		{
			"url": "assets/font/mj_settleWinFont.fnt",
			"type": "font",
			"name": "mj_settleWinFont_fnt"
		},
		{
			"url": "assets/font/mj_settleWinFontUI.png",
			"type": "image",
			"name": "mj_settleWinFontUI_png"
		}
	]
}