{
  "skins": {
    "eui.Button": "resource/eui_skins/ButtonSkin.exml",
    "eui.CheckBox": "resource/eui_skins/CheckBoxSkin.exml",
    "eui.HScrollBar": "resource/eui_skins/HScrollBarSkin.exml",
    "eui.HSlider": "resource/eui_skins/HSliderSkin.exml",
    "eui.Panel": "resource/eui_skins/PanelSkin.exml",
    "eui.TextInput": "resource/eui_skins/TextInputSkin.exml",
    "eui.ProgressBar": "resource/eui_skins/ProgressBarSkin.exml",
    "eui.RadioButton": "resource/eui_skins/RadioButtonSkin.exml",
    "eui.Scroller": "resource/eui_skins/ScrollerSkin.exml",
    "eui.ToggleSwitch": "resource/eui_skins/ToggleSwitchSkin.exml",
    "eui.VScrollBar": "resource/eui_skins/VScrollBarSkin.exml",
    "eui.VSlider": "resource/eui_skins/VSliderSkin.exml",
    "eui.ItemRenderer": "resource/eui_skins/ItemRendererSkin.exml"
  },
  "autoGenerateExmlsList": true,
  "exmls": [
    {
      "path": "resource/UI_exml/BaseFace.exml",
      "content": "<?xml version=\"1.0\" encoding=\"utf-8\"?>\r\n<e:Skin class=\"BasefaceUISkin\" width=\"480\" height=\"105\" xmlns:e=\"http://ns.egret.com/eui\" xmlns:w=\"http://ns.egret.com/wing\">\r\n\t<w:Config id=\"15730bf2ea2\"/>\r\n\t<e:Image id=\"image_ditu\" width=\"480\" height=\"82\" x=\"0\" y=\"22\" scaleX=\"1\" scaleY=\"1\" source=\"buttom_bg\" anchorOffsetY=\"0\"/>\r\n\r\n\r\n\r\n\r\n\r\n\t<e:Button id=\"btn_role\" x=\"15\" y=\"28\" width=\"70\" height=\"76\">\r\n\t\t<e:skinName>\r\n\t\t\t<e:Skin states=\"up,down,disabled\">\r\n\t\t\t<e:Image width=\"100%\" height=\"100%\" source=\"buttom_role\" source.down=\"buttom_role\"/>\r\n\t\t\t<e:Label id=\"labelDisplay\" horizontalCenter=\"0\" verticalCenter=\"0\"/>\r\n\t\t\t</e:Skin>\r\n\t\t</e:skinName>\r\n\t</e:Button>\r\n\t<e:Button id=\"btn_bag\" x=\"89\" y=\"29\" width=\"72\" height=\"76\">\r\n\t\t<e:skinName>\r\n\t\t\t<e:Skin states=\"up,down,disabled\">\r\n\t\t\t<e:Image width=\"100%\" height=\"100%\" source=\"buttom_bag\" source.down=\"buttom_bag\"/>\r\n\t\t\t<e:Label id=\"labelDisplay\" horizontalCenter=\"0\" verticalCenter=\"0\"/>\r\n\t\t\t</e:Skin>\r\n\t\t</e:skinName>\r\n\t</e:Button>\r\n\t<e:Button id=\"btn_battle\" x=\"164\" y=\"28\" width=\"73\" height=\"76\">\r\n\t\t<e:skinName>\r\n\t\t\t<e:Skin states=\"up,down,disabled\">\r\n\t\t\t<e:Image width=\"100%\" height=\"100%\" source=\"buttom_battle\" source.down=\"buttom_battle\"/>\r\n\t\t\t<e:Label id=\"labelDisplay\" horizontalCenter=\"0\" verticalCenter=\"0\"/>\r\n\t\t\t</e:Skin>\r\n\t\t</e:skinName>\r\n\t</e:Button>\r\n\t<e:Button id=\"btn_baozhilin\" x=\"241\" y=\"28\" width=\"72\" height=\"76\">\r\n\t\t<e:skinName>\r\n\t\t\t<e:Skin states=\"up,down,disabled\">\r\n\t\t\t<e:Image width=\"100%\" height=\"100%\" source=\"buttom_baozhilin\" source.down=\"buttom_baozhilin\"/>\r\n\t\t\t<e:Label id=\"labelDisplay\" horizontalCenter=\"0\" verticalCenter=\"0\"/>\r\n\t\t\t</e:Skin>\r\n\t\t</e:skinName>\r\n\t</e:Button>\r\n\t<e:Button id=\"btn_shop\" x=\"317\" y=\"29\" width=\"72\" height=\"76\">\r\n\t\t<e:skinName>\r\n\t\t\t<e:Skin states=\"up,down,disabled\">\r\n\t\t\t<e:Image width=\"100%\" height=\"100%\" source=\"buttom_shop\" source.down=\"buttom_shop\"/>\r\n\t\t\t<e:Label id=\"labelDisplay\" horizontalCenter=\"0\" verticalCenter=\"0\"/>\r\n\t\t\t</e:Skin>\r\n\t\t</e:skinName>\r\n\t</e:Button>\r\n\t<e:Button id=\"btn_more\" x=\"392\" y=\"29\" width=\"75\" height=\"76\">\r\n\t\t<e:skinName>\r\n\t\t\t<e:Skin states=\"up,down,disabled\">\r\n\t\t\t<e:Image width=\"100%\" height=\"100%\" source=\"buttom_more\" source.down=\"buttom_more\"/>\r\n\t\t\t<e:Label id=\"labelDisplay\" horizontalCenter=\"0\" verticalCenter=\"0\"/>\r\n\t\t\t</e:Skin>\r\n\t\t</e:skinName>\r\n\t</e:Button>\r\n</e:Skin>"
    },
    {
      "path": "resource/UI_exml/CommonSure.exml",
      "content": "<?xml version=\"1.0\" encoding=\"utf-8\"?>\n<e:Skin class=\"CommonSure\" width=\"443\" height=\"288\" xmlns:e=\"http://ns.egret.com/eui\" xmlns:w=\"http://ns.egret.com/wing\">\n\t<e:Rect width=\"442\" height=\"287\" x=\"0\" y=\"0\" anchorOffsetX=\"0\" anchorOffsetY=\"0\"/>\n\t<e:Image width=\"443\" height=\"288\" x=\"0\" y=\"0\" source=\"\"/>\n\t<e:Button id=\"btn_back\" label=\"\" x=\"386\" y=\"-34\" width=\"76\" height=\"76\">\n\t\t<e:Skin states=\"up,down,disabled\">\n\t\t<e:Image width=\"100%\" height=\"100%\" source=\"commonClose\" source.down=\"commonClose\"/>\n\t\t<e:Label id=\"labelDisplay\" horizontalCenter=\"0\" verticalCenter=\"0\"/>\n\t\t</e:Skin>\n\t</e:Button>\n\t<e:Button id=\"btn_sure\" label=\"确定\" x=\"257\" y=\"212\" width=\"135\" height=\"44\">\n\t</e:Button>\n\t<e:Button id=\"btn_cancel\" label=\"取消\" x=\"56\" y=\"212\" width=\"135\" height=\"44\">\n\t</e:Button>\n\t<e:Label id=\"label_content\" text=\"确定消费100元宝？\" x=\"36\" y=\"72\" anchorOffsetX=\"0\" width=\"379\" anchorOffsetY=\"0\" height=\"126\" textAlign=\"center\" size=\"24\" fontFamily=\"微软雅黑\" textColor=\"0x9d7b0f\" verticalAlign=\"middle\"/>\n\t<e:Label id=\"label_title\" text=\"提  示\" x=\"188\" y=\"6\" anchorOffsetX=\"0\" width=\"83\" textAlign=\"center\" fontFamily=\"微软雅黑\" size=\"25\" textColor=\"0xfaf184\"/>\n</e:Skin>"
    },
    {
      "path": "resource/UI_exml/CreateRoom.exml",
      "content": "<?xml version=\"1.0\" encoding=\"utf-8\"?>\n<e:Skin class=\"CreateRoom\" width=\"1034\" height=\"642\" xmlns:e=\"http://ns.egret.com/eui\" xmlns:w=\"http://ns.egret.com/wing\">\n\t<e:Image width=\"1034\" height=\"642\" x=\"0\" y=\"12\" source=\"public_frame_big_png\" locked=\"true\"/>\n\t<e:Image width=\"946\" height=\"498\" x=\"41\" y=\"65\" source=\"b_kuang_ai_png\"/>\n\t<e:Label text=\"模式：\" x=\"68\" y=\"112\" anchorOffsetX=\"0\" width=\"108\" textAlign=\"left\" size=\"26\" fontFamily=\"Microsoft YaHei\" textColor=\"0x856153\"/>\n\t<e:Label text=\"玩法：\" x=\"68\" y=\"174\" anchorOffsetX=\"0\" width=\"108\" textAlign=\"left\" size=\"26\" fontFamily=\"Microsoft YaHei\" textColor=\"0x856153\"/>\n\t<e:Label text=\"起胡：\" x=\"68\" y=\"328\" anchorOffsetX=\"0\" width=\"108\" textAlign=\"left\" size=\"26\" fontFamily=\"Microsoft YaHei\" textColor=\"0x856153\"/>\n\t<e:Label text=\"封顶：\" x=\"68\" y=\"375\" anchorOffsetX=\"0\" width=\"108\" textAlign=\"left\" size=\"26\" fontFamily=\"Microsoft YaHei\" textColor=\"0x856153\"/>\n\t<e:Label text=\"局数：\" x=\"68\" y=\"480\" anchorOffsetX=\"0\" width=\"108\" textAlign=\"left\" size=\"26\" fontFamily=\"Microsoft YaHei\" textColor=\"0x856153\"/>\n\t<e:Button id=\"btn_sure\" label=\"\" x=\"391\" y=\"556\" width=\"226\" height=\"89\">\n\t\t<e:skinName>\n\t\t\t<e:Skin states=\"up,down,disabled\">\n\t\t\t<e:Image width=\"100%\" height=\"100%\" source=\"yellowBtn\" source.down=\"yellowBtn\"/>\n\t\t\t<e:Label id=\"labelDisplay\" horizontalCenter=\"0\" verticalCenter=\"0\"/>\n\t\t\t</e:Skin>\n\t\t</e:skinName>\n\t</e:Button>\n\t<e:Image width=\"559\" height=\"95\" x=\"232\" y=\"10\" source=\"frameBarLong_png\"/>\n\t<e:Image width=\"218\" height=\"59\" x=\"399\" y=\"18\" source=\"create_title\"/>\n\t<e:Image width=\"134\" height=\"38\" x=\"442\" y=\"583\" source=\"create_freezi\" touchEnabled=\"false\"/>\n\t<e:Image width=\"923\" height=\"2\" x=\"54\" y=\"153\" source=\"create_cutline\"/>\n\t<e:Image width=\"923\" height=\"2\" x=\"54\" y=\"310\" source=\"create_cutline\"/>\n\t<e:Image width=\"923\" height=\"2\" x=\"64\" y=\"464\" source=\"create_cutline\"/>\n\t<e:Image width=\"443\" x=\"215\" y=\"420\" height=\"35\" source=\"create_andi\"/>\n\t<e:Label text=\"金顶400倍, 阳光顶500倍, 哈顶600倍\" x=\"223\" y=\"424\" anchorOffsetX=\"0\" width=\"431\" fontFamily=\"Microsoft YaHei\" size=\"26\"/>\n\t<e:Image id=\"btn_close\" width=\"76\" height=\"76\" x=\"958\" y=\"0\" source=\"commonClose\"/>\n</e:Skin>"
    },
    {
      "path": "resource/UI_exml/Denglu.exml",
      "content": "<?xml version=\"1.0\" encoding=\"utf-8\"?>\n<e:Skin class=\"Denglu\" width=\"1280\" height=\"720\" xmlns:e=\"http://ns.egret.com/eui\" xmlns:w=\"http://ns.egret.com/wing\">\n\t<w:Config id=\"15823b94b30\"/>\n\t<e:Image id=\"img_loadBg\" width=\"813\" height=\"32\" x=\"231\" y=\"565\" source=\"load_barBg\"/>\n\t<e:Image id=\"img_loadTiao\" width=\"756\" height=\"11\" x=\"262\" y=\"569\" source=\"load_bar\"/>\n\t<e:Label id=\"label_loadMsg\" text=\"2%\" x=\"609\" y=\"558\" anchorOffsetX=\"0\" width=\"75\" fontFamily=\"KaiTi\" textAlign=\"center\" strokeColor=\"0xb51249\" stroke=\"1\" textColor=\"0xf7f7f2\"/>\n\t<e:Label text=\"抵制不良游戏，拒绝盗版游戏。注意自我保护，谨防受骗上当。适度游戏益脑，沉迷游戏伤身。合理安排时间，享受健康生活\" x=\"75\" y=\"685\" anchorOffsetX=\"0\" width=\"1120\" size=\"20\" fontFamily=\"KaiTi\" stroke=\"2\"/>\n\t<e:Image id=\"img_zi\" width=\"195\" height=\"38\" x=\"542\" y=\"517\" source=\"loading_zi\"/>\n</e:Skin>"
    },
    {
      "path": "resource/UI_exml/Direction.exml",
      "content": "<?xml version=\"1.0\" encoding=\"utf-8\"?>\n<e:Skin class=\"Direction\" width=\"115\" height=\"115\" xmlns:e=\"http://ns.egret.com/eui\" xmlns:w=\"http://ns.egret.com/wing\">\n\t<e:Image id=\"img_bg\" width=\"115\" height=\"115\" x=\"0\" y=\"0\" source=\"turn_pos_bg\"/>\n\t<e:Image id=\"img_4\" width=\"98\" height=\"32\" x=\"8\" y=\"79\" source=\"turn_pos_3\"/>\n\t<e:Image id=\"img_3\" width=\"32\" height=\"98\" x=\"5\" y=\"8\" source=\"turn_pos_2\"/>\n\t<e:Image id=\"img_2\" width=\"98\" height=\"32\" x=\"8\" y=\"4\" source=\"turn_pos_1\"/>\n\t<e:Image id=\"img_1\" width=\"32\" height=\"98\" x=\"79\" y=\"8\" source=\"turn_pos_0\"/>\n</e:Skin>"
    },
    {
      "path": "resource/UI_exml/Email.exml",
      "content": "<?xml version=\"1.0\" encoding=\"utf-8\"?>\n<e:Skin class=\"Email\" width=\"606\" height=\"385\" xmlns:e=\"http://ns.egret.com/eui\">\n\t<e:Rect width=\"605\" height=\"386\" x=\"0\" y=\"0\" anchorOffsetX=\"0\" anchorOffsetY=\"0\"/>\n\t<e:Label text=\"邮件\" x=\"273\" y=\"16\"/>\n</e:Skin>"
    },
    {
      "path": "resource/UI_exml/EnterRoom.exml",
      "content": "<?xml version=\"1.0\" encoding=\"utf-8\"?>\n<e:Skin class=\"EnterRoom\" width=\"732\" height=\"490\" xmlns:e=\"http://ns.egret.com/eui\" xmlns:w=\"http://ns.egret.com/wing\">\n\t<e:Image width=\"717\" height=\"439\" y=\"16\" x=\"0\" source=\"public_frame_small_png\" scale9Grid=\"263,163,167,44\"/>\n\t<e:Image width=\"646\" height=\"392\" x=\"31\" y=\"48\" anchorOffsetX=\"0\" anchorOffsetY=\"0\" source=\"s_kuang_gao_png\"/>\n\t<e:Image width=\"582\" height=\"263\" x=\"63\" y=\"156\" source=\"enterRoomNumBg\"/>\n\t<e:Image width=\"409\" height=\"57\" x=\"154\" y=\"86\" source=\"enterRoom_input\"/>\n\t<e:Label id=\"label_num\" text=\"请输入房间号\" x=\"165\" y=\"87\" size=\"37\" anchorOffsetX=\"0\" width=\"340\" height=\"53\" textColor=\"0xf0e7ae\" fontFamily=\"Microsoft YaHei\" verticalAlign=\"middle\"/>\n\t<e:Button id=\"btn_close\" label=\"\" x=\"650\" y=\"0\">\n\t\t<e:skinName>\n\t\t\t<e:Skin states=\"up,down,disabled\">\n\t\t\t<e:Image width=\"100%\" height=\"100%\" source=\"commonClose\" source.down=\"commonClose\"/>\n\t\t\t<e:Label id=\"labelDisplay\" horizontalCenter=\"0\" verticalCenter=\"0\"/>\n\t\t\t</e:Skin>\n\t\t</e:skinName>\n\t</e:Button>\n</e:Skin>"
    },
    {
      "path": "resource/UI_exml/GameOver.exml",
      "content": "<?xml version=\"1.0\" encoding=\"utf-8\"?>\n<e:Skin class=\"GameOver\" width=\"1049\" height=\"650\" xmlns:e=\"http://ns.egret.com/eui\" xmlns:w=\"http://ns.egret.com/wing\">\n\t<e:Image width=\"1034\" height=\"642\" x=\"0\" y=\"16\" source=\"public_frame_big_png\"/>\n\t<e:Image width=\"559\" height=\"95\" x=\"234\" y=\"14\" anchorOffsetX=\"0\" anchorOffsetY=\"0\" source=\"frameBarLong_png\"/>\n\t<e:Image width=\"209\" height=\"51\" x=\"410\" y=\"25\" source=\"settle_endzi\"/>\n\t<e:Button id=\"btn_share\" label=\"\" x=\"407\" y=\"538\">\n\t\t<e:skinName>\n\t\t\t<e:Skin states=\"up,down,disabled\">\n\t\t\t<e:Image width=\"100%\" height=\"100%\" source=\"yellowBtn\" source.down=\"yellowBtn\"/>\n\t\t\t<e:Label id=\"labelDisplay\" horizontalCenter=\"0\" verticalCenter=\"0\"/>\n\t\t\t</e:Skin>\n\t\t</e:skinName>\n\t</e:Button>\n\t<e:Image width=\"58\" height=\"32\" x=\"494\" y=\"565\" source=\"settle_sharezi\" touchEnabled=\"false\"/>\n\t<e:Button id=\"btn_close\" label=\"\" x=\"952\" y=\"-0.5\">\n\t\t<e:skinName>\n\t\t\t<e:Skin states=\"up,down,disabled\">\n\t\t\t<e:Image width=\"100%\" height=\"100%\" source=\"commonClose\" source.down=\"commonClose\"/>\n\t\t\t<e:Label id=\"labelDisplay\" horizontalCenter=\"0\" verticalCenter=\"0\"/>\n\t\t\t</e:Skin>\n\t\t</e:skinName>\n\t</e:Button>\n</e:Skin>"
    },
    {
      "path": "resource/UI_exml/GameOverItem.exml",
      "content": "<?xml version=\"1.0\" encoding=\"utf-8\"?>\n<e:Skin class=\"GameOverItem\" width=\"231\" height=\"404\" xmlns:e=\"http://ns.egret.com/eui\" xmlns:w=\"http://ns.egret.com/wing\">\n\t<e:Image id=\"img_headBorder\" width=\"106\" height=\"105\" y=\"4\" source=\"main_headBg\" x=\"4\"/>\n\t<e:Label id=\"label_name\" text=\"玩家名字七\" x=\"106.5\" y=\"24.5\" size=\"24\" textColor=\"0x680607\" anchorOffsetX=\"0\" width=\"125\" fontFamily=\"Microsoft YaHei\"/>\n\t<e:Label id=\"label_id\" text=\"ID: 01245\" x=\"106.5\" y=\"66.5\" size=\"24\" anchorOffsetX=\"0\" width=\"125\" fontFamily=\"Microsoft YaHei\" textColor=\"0x680607\"/>\n\t<e:Label text=\"总成绩\" x=\"78\" y=\"296\" size=\"24\" textColor=\"0x680607\" fontFamily=\"Microsoft YaHei\"/>\n\t<e:Image id=\"img_head\" width=\"82\" height=\"83\" x=\"14\" y=\"12.5\" anchorOffsetX=\"0\" anchorOffsetY=\"0\"/>\n</e:Skin>"
    },
    {
      "path": "resource/UI_exml/Gonggao.exml",
      "content": "<?xml version=\"1.0\" encoding=\"utf-8\"?>\n<e:Skin class=\"Gonggao\" width=\"596\" height=\"300\" xmlns:e=\"http://ns.egret.com/eui\">\n\t<e:Rect width=\"593\" height=\"298\" x=\"0\" y=\"0\" anchorOffsetX=\"0\" anchorOffsetY=\"0\"/>\n\t<e:Label text=\"公告\" x=\"200\" y=\"14\" anchorOffsetX=\"0\" width=\"167\" textAlign=\"center\"/>\n</e:Skin>"
    },
    {
      "path": "resource/UI_exml/Help.exml",
      "content": "<?xml version=\"1.0\" encoding=\"utf-8\"?>\n<e:Skin class=\"Help\" width=\"718\" height=\"426\" xmlns:e=\"http://ns.egret.com/eui\" xmlns:w=\"http://ns.egret.com/wing\">\n\t<e:List id=\"list_target\" width=\"444\" height=\"422\" x=\"272\" y=\"0\" anchorOffsetX=\"0\" anchorOffsetY=\"0\">\n\t\t<e:layout>\n\t\t\t<e:VerticalLayout/>\n\t\t</e:layout>\n\t</e:List>\n</e:Skin>"
    },
    {
      "path": "resource/UI_exml/MainFrame.exml",
      "content": "<?xml version=\"1.0\" encoding=\"utf-8\"?>\n<e:Skin class=\"MainFrame\" width=\"1280\" height=\"720\" xmlns:e=\"http://ns.egret.com/eui\" xmlns:w=\"http://ns.egret.com/wing\">\n\t<e:Image width=\"683\" height=\"41\" x=\"317\" y=\"7\" source=\"main_ggBg\"/>\n\t<e:Image width=\"230\" height=\"45\" x=\"97\" y=\"43\" source=\"main_kabg\"/>\n\t<e:Component id=\"com_rule\" width=\"85\" height=\"94\" x=\"978\" y=\"9\"/>\n\t<e:Component id=\"com_message\" width=\"85\" height=\"94\" x=\"1080\" y=\"9\"/>\n\t<e:Component id=\"com_setting\" width=\"85\" height=\"94\" x=\"1178\" y=\"10\"/>\n\t<e:Image id=\"img_headBorder\" width=\"106\" height=\"105\" y=\"3\" source=\"main_headBg\" x=\"2\"/>\n\t<e:Label id=\"label_name\" text=\"隔壁老王七个字\" x=\"139\" y=\"12\" anchorOffsetX=\"0\" width=\"196\" textColor=\"0xf2bc1a\" fontFamily=\"KaiTi\" size=\"27\"/>\n\t<e:Label id=\"label_diamond\" text=\"550\" x=\"151\" y=\"52\" anchorOffsetX=\"0\" width=\"126\" textAlign=\"center\" textColor=\"0xfaf4c4\" size=\"28\"/>\n\t<e:Button id=\"btn_addDiamond\" label=\"\" x=\"482\" y=\"34\" width=\"31\" height=\"32\">\n\t\t<e:skinName>\n\t\t\t<e:Skin states=\"up,down,disabled\">\n\t\t\t<e:Image width=\"100%\" height=\"100%\" source=\"mf_add\" source.down=\"mf_add\"/>\n\t\t\t<e:Label id=\"labelDisplay\" horizontalCenter=\"0\" verticalCenter=\"0\"/>\n\t\t\t</e:Skin>\n\t\t</e:skinName>\n\t</e:Button>\n\t<e:Image width=\"44\" height=\"50\" x=\"105\" y=\"41\" source=\"main_ka\"/>\n\t<e:Image width=\"41\" height=\"41\" x=\"340\" y=\"8\" source=\"main_laba\"/>\n\t<e:Button id=\"btn_add\" label=\"\" x=\"275\" y=\"37\" width=\"55\" height=\"55\">\n\t\t<e:skinName>\n\t\t\t<e:Skin states=\"up,down,disabled\">\n\t\t\t<e:Image width=\"100%\" height=\"100%\" source=\"main_add\" source.down=\"main_add\"/>\n\t\t\t<e:Label id=\"labelDisplay\" horizontalCenter=\"0\" verticalCenter=\"0\"/>\n\t\t\t</e:Skin>\n\t\t</e:skinName>\n\t</e:Button>\n\t<e:Button id=\"btn_share\" label=\"\" x=\"113\" y=\"605\" width=\"110\" height=\"110\">\n\t\t<e:skinName>\n\t\t\t<e:Skin states=\"up,down,disabled\">\n\t\t\t<e:Image width=\"100%\" height=\"100%\" source=\"main_share\" source.down=\"main_share\"/>\n\t\t\t<e:Label id=\"labelDisplay\" horizontalCenter=\"0\" verticalCenter=\"0\"/>\n\t\t\t</e:Skin>\n\t\t</e:skinName>\n\t</e:Button>\n\t<e:Button id=\"btn_backSee\" label=\"\" x=\"272\" y=\"605\" width=\"110\" height=\"110\">\n\t\t<e:skinName>\n\t\t\t<e:Skin states=\"up,down,disabled\">\n\t\t\t<e:Image width=\"100%\" height=\"100%\" source=\"main_backSee\" source.down=\"main_backSee\"/>\n\t\t\t<e:Label id=\"labelDisplay\" horizontalCenter=\"0\" verticalCenter=\"0\"/>\n\t\t\t</e:Skin>\n\t\t</e:skinName>\n\t</e:Button>\n\t<e:Button id=\"btn_custom\" label=\"\" x=\"853\" y=\"605\" width=\"110\" height=\"110\">\n\t\t<e:skinName>\n\t\t\t<e:Skin states=\"up,down,disabled\">\n\t\t\t<e:Image width=\"100%\" height=\"100%\" source=\"main_custom\" source.down=\"main_custom\"/>\n\t\t\t<e:Label id=\"labelDisplay\" horizontalCenter=\"0\" verticalCenter=\"0\"/>\n\t\t\t</e:Skin>\n\t\t</e:skinName>\n\t</e:Button>\n\t<e:Button id=\"btn_gonggao\" label=\"\" x=\"1007\" y=\"605\" width=\"110\" height=\"110\">\n\t\t<e:skinName>\n\t\t\t<e:Skin states=\"up,down,disabled\">\n\t\t\t<e:Image width=\"100%\" height=\"100%\" source=\"main_gonggao\" source.down=\"main_gonggao\"/>\n\t\t\t<e:Label id=\"labelDisplay\" horizontalCenter=\"0\" verticalCenter=\"0\"/>\n\t\t\t</e:Skin>\n\t\t</e:skinName>\n\t</e:Button>\n</e:Skin>"
    },
    {
      "path": "resource/UI_exml/MainGame.exml",
      "content": "<?xml version=\"1.0\" encoding=\"utf-8\"?>\n<e:Skin class=\"MainGame\" width=\"1280\" height=\"720\" xmlns:e=\"http://ns.egret.com/eui\" xmlns:w=\"http://ns.egret.com/wing\">\n\t<e:Image width=\"257\" height=\"82\" x=\"20\" y=\"13\" source=\"roomMsgBg\"/>\n\t<e:Label text=\"房号:\" x=\"39\" y=\"25\" anchorOffsetX=\"0\" width=\"55\" fontFamily=\"Microsoft YaHei\" textAlign=\"left\" height=\"26\" size=\"20\" verticalAlign=\"middle\"/>\n\t<e:Label id=\"label_room\" text=\"123456\" x=\"89\" y=\"24.83\" anchorOffsetX=\"0\" width=\"80\" fontFamily=\"Microsoft YaHei\" textAlign=\"left\" height=\"26\" size=\"20\" verticalAlign=\"middle\" textColor=\"0xfff000\"/>\n\t<e:Label id=\"label_jushu\" text=\"局数：\" x=\"171\" y=\"27.33\" anchorOffsetX=\"0\" width=\"102\" fontFamily=\"Microsoft YaHei\" textAlign=\"left\" size=\"20\"/>\n\t<e:Label id=\"label_jushu0\" text=\"点炮胡 闲庄（算分）\" x=\"51\" y=\"54\" anchorOffsetX=\"0\" width=\"168\" fontFamily=\"Microsoft YaHei\" textAlign=\"left\" size=\"18\" textColor=\"0xafff6f\"/>\n\t<e:Image width=\"177\" height=\"82\" x=\"1091\" y=\"16\" source=\"game_setBg\"/>\n\t<e:Button id=\"btn_back\" label=\"\" x=\"1194\" y=\"30\" width=\"43\" height=\"43\">\n\t\t<e:skinName>\n\t\t\t<e:Skin states=\"up,down,disabled\">\n\t\t\t<e:Image width=\"100%\" height=\"100%\" source=\"game_quit\" source.down=\"game_quit\"/>\n\t\t\t<e:Label id=\"labelDisplay\" horizontalCenter=\"0\" verticalCenter=\"0\"/>\n\t\t\t</e:Skin>\n\t\t</e:skinName>\n\t</e:Button>\n\t<e:Button id=\"btn_set\" label=\"\" x=\"1119\" y=\"30\" width=\"43\" height=\"45\">\n\t\t<e:skinName>\n\t\t\t<e:Skin states=\"up,down,disabled\">\n\t\t\t<e:Image width=\"100%\" height=\"100%\" source=\"game_setting\" source.down=\"game_setting\"/>\n\t\t\t<e:Label id=\"labelDisplay\" horizontalCenter=\"0\" verticalCenter=\"0\"/>\n\t\t\t</e:Skin>\n\t\t</e:skinName>\n\t</e:Button>\n\t<e:Image width=\"683\" height=\"30\" x=\"317\" y=\"12\" source=\"main_ggBg\"/>\n\t<e:Image width=\"41\" height=\"41\" x=\"326\" y=\"4\" source=\"main_laba\"/>\n\t<e:Image width=\"147\" height=\"74\" x=\"13\" y=\"94\" source=\"game_baoBg\"/>\n\t<e:Button id=\"btn_wxInvite\" label=\"\" x=\"491\" y=\"310\" width=\"299\" height=\"73\">\n\t\t<e:skinName>\n\t\t\t<e:Skin states=\"up,down,disabled\">\n\t\t\t<e:Image width=\"100%\" height=\"100%\" source=\"game_longBtn\" source.down=\"game_longBtn\"/>\n\t\t\t<e:Label id=\"labelDisplay\" horizontalCenter=\"0\" verticalCenter=\"0\"/>\n\t\t\t</e:Skin>\n\t\t</e:skinName>\n\t</e:Button>\n\t<e:Image id=\"img_wxzi\" width=\"262\" height=\"45\" x=\"510\" y=\"324\" source=\"game_webInvite\" touchEnabled=\"false\"/>\n\t<e:Label id=\"label_leftCard\" text=\"card\" x=\"559\" y=\"420\" width=\"170\" height=\"26\" textAlign=\"center\" size=\"24\" fontFamily=\"Microsoft YaHei\"/>\n</e:Skin>"
    },
    {
      "path": "resource/UI_exml/Operate.exml",
      "content": "<?xml version=\"1.0\" encoding=\"utf-8\"?>\n<e:Skin class=\"Operate\" width=\"292\" height=\"78\" xmlns:e=\"http://ns.egret.com/eui\" xmlns:w=\"http://ns.egret.com/wing\">\n</e:Skin>"
    },
    {
      "path": "resource/UI_exml/OverLabelItem.exml",
      "content": "<?xml version=\"1.0\" encoding=\"utf-8\"?>\n<e:Skin class=\"OverLabelItem\" width=\"215\" height=\"38\" xmlns:e=\"http://ns.egret.com/eui\" xmlns:w=\"http://ns.egret.com/wing\">\n\t<e:Label id=\"label_msg\" text=\" 自摸次数      0\" x=\"8\" y=\"8\" size=\"24\" textColor=\"0x580800\" anchorOffsetX=\"0\" width=\"200\" fontFamily=\"Microsoft YaHei\"/>\n</e:Skin>"
    },
    {
      "path": "resource/UI_exml/RoleItem.exml",
      "content": "<?xml version=\"1.0\" encoding=\"utf-8\"?>\n<e:Skin class=\"RoleItem\" width=\"132\" height=\"170\" xmlns:e=\"http://ns.egret.com/eui\" xmlns:w=\"http://ns.egret.com/wing\">\n\t<e:Image id=\"img_headBg\" width=\"106\" height=\"105\" x=\"15\" y=\"33\" source=\"main_headBg\"/>\n\t<e:Label id=\"label_name\" text=\"玩家名字\" x=\"1\" y=\"16\" size=\"16\" width=\"130\" anchorOffsetY=\"0\" height=\"20\" fontFamily=\"Microsoft YaHei\" verticalAlign=\"middle\" textAlign=\"center\" textColor=\"0xf2f1ea\"/>\n\t<e:Label id=\"label_id\" text=\"id\" x=\"3\" y=\"138\" size=\"20\" width=\"130\" anchorOffsetY=\"0\" height=\"20\" fontFamily=\"Microsoft YaHei\" verticalAlign=\"middle\" textAlign=\"center\" textColor=\"0xFFF000\"/>\n</e:Skin>"
    },
    {
      "path": "resource/UI_exml/Setting.exml",
      "content": "<?xml version=\"1.0\" encoding=\"utf-8\"?>\n<e:Skin class=\"Setting\" width=\"729\" height=\"453\" xmlns:e=\"http://ns.egret.com/eui\" xmlns:w=\"http://ns.egret.com/wing\">\n\t<e:Image width=\"717\" height=\"439\" x=\"0\" y=\"16\" source=\"public_frame_small_png\" locked=\"true\"/>\n\t<e:Image width=\"646\" height=\"292\" x=\"33\" y=\"50\" source=\"s_kuang_ai_png\" locked=\"true\"/>\n\t<e:Image width=\"400\" height=\"71\" x=\"153\" y=\"14\" source=\"frameBarShort_png\" locked=\"true\"/>\n\t<e:Image width=\"312\" height=\"36\" x=\"201\" y=\"145\" source=\"set_barBg\"/>\n\t<e:Image id=\"img_backTiao0\" width=\"303\" height=\"28\" x=\"205\" y=\"149\" source=\"set_bar\"/>\n\t<e:Image id=\"img_backHead0\" width=\"51\" height=\"54\" x=\"391\" y=\"138\" source=\"set_head\"/>\n\t<e:Image width=\"312\" height=\"36\" x=\"201\" y=\"231\" source=\"set_barBg\"/>\n\t<e:Image id=\"img_backTiao\" width=\"303\" height=\"28\" x=\"205\" y=\"235\" source=\"set_bar\"/>\n\t<e:Image id=\"img_backHead\" width=\"51\" height=\"54\" x=\"392.5\" y=\"220\" source=\"set_head\"/>\n\t<e:Button id=\"btn_exchange\" label=\"\" x=\"236\" y=\"351\" width=\"226\" height=\"89\">\n\t\t<e:skinName>\n\t\t\t<e:Skin states=\"up,down,disabled\">\n\t\t\t<e:Image width=\"100%\" height=\"100%\" source=\"yellowBtn\" source.down=\"yellowBtn\"/>\n\t\t\t<e:Label id=\"labelDisplay\" horizontalCenter=\"0\" verticalCenter=\"0\"/>\n\t\t\t</e:Skin>\n\t\t</e:skinName>\n\t</e:Button>\n\t<e:Button id=\"btn_close\" label=\"\" x=\"655\" y=\"-2\" width=\"76\" height=\"76\">\n\t\t<e:skinName>\n\t\t\t<e:Skin states=\"up,down,disabled\">\n\t\t\t<e:Image width=\"100%\" height=\"100%\" source=\"commonClose\" source.down=\"commonClose\"/>\n\t\t\t<e:Label id=\"labelDisplay\" horizontalCenter=\"0\" verticalCenter=\"0\"/>\n\t\t\t</e:Skin>\n\t\t</e:skinName>\n\t</e:Button>\n\t<e:Image id=\"img_quitZi\" width=\"140\" height=\"37\" x=\"280\" y=\"376\" source=\"set_zi\" touchEnabled=\"false\"/>\n\t<e:Image width=\"71\" height=\"30\" x=\"106\" y=\"146\" source=\"set_yinxiao\"/>\n\t<e:Image width=\"71\" height=\"30\" x=\"106\" y=\"234\" source=\"set_music\"/>\n\t<e:Image width=\"76\" height=\"42\" x=\"314\" y=\"23\" source=\"set_title\"/>\n\t<e:Image id=\"img_yinxiaoBtn\" width=\"66\" height=\"66\" x=\"538\" y=\"127\" touchEnabled=\"true\"/>\n\t<e:Image id=\"img_yinyueBtn\" width=\"66\" height=\"66\" x=\"538\" y=\"216\" touchEnabled=\"true\"/>\n</e:Skin>"
    },
    {
      "path": "resource/UI_exml/SettleItem.exml",
      "content": "<?xml version=\"1.0\" encoding=\"utf-8\"?>\n<e:Skin class=\"SettleItem\" width=\"941\" height=\"117\" xmlns:e=\"http://ns.egret.com/eui\" xmlns:w=\"http://ns.egret.com/wing\">\n\t<e:Label id=\"label_id\" text=\"Label\" x=\"115\" y=\"7\" fontFamily=\"KaiTi\" anchorOffsetX=\"0\" width=\"145\" size=\"24\" textAlign=\"left\" textColor=\"0x926455\"/>\n\t<e:Label id=\"label_name\" text=\"Label\" x=\"288\" y=\"7\" fontFamily=\"KaiTi\" anchorOffsetX=\"0\" width=\"145\" size=\"24\" textAlign=\"left\" textColor=\"0x926455\"/>\n\t<e:Label id=\"label_style\" text=\"\" x=\"459\" y=\"6\" fontFamily=\"KaiTi\" anchorOffsetX=\"0\" width=\"275\" size=\"24\" textAlign=\"center\" textColor=\"0x6c93f0\" height=\"24\"/>\n</e:Skin>"
    },
    {
      "path": "resource/UI_exml/Settlement.exml",
      "content": "<?xml version=\"1.0\" encoding=\"utf-8\"?>\n<e:Skin class=\"Settlement\" width=\"1011\" height=\"691\" xmlns:e=\"http://ns.egret.com/eui\" xmlns:w=\"http://ns.egret.com/wing\">\n\t<e:Button id=\"btn_close\" label=\"\" x=\"933\" y=\"27\">\n\t\t<e:skinName>\n\t\t\t<e:Skin states=\"up,down,disabled\">\n\t\t\t<e:Image width=\"100%\" height=\"100%\" source=\"commonClose\" source.down=\"commonClose\"/>\n\t\t\t<e:Label id=\"labelDisplay\" horizontalCenter=\"0\" verticalCenter=\"0\"/>\n\t\t\t</e:Skin>\n\t\t</e:skinName>\n\t</e:Button>\n\t<e:Button id=\"btn_start\" label=\"\" x=\"386\" y=\"577\">\n\t\t<e:skinName>\n\t\t\t<e:Skin states=\"up,down,disabled\">\n\t\t\t<e:Image width=\"100%\" height=\"100%\" source=\"yellowBtn\" source.down=\"yellowBtn\"/>\n\t\t\t<e:Label id=\"labelDisplay\" horizontalCenter=\"0\" verticalCenter=\"0\"/>\n\t\t\t</e:Skin>\n\t\t</e:skinName>\n\t</e:Button>\n\t<e:Image width=\"140\" height=\"38\" x=\"434\" y=\"602\" source=\"settle_startzi\" touchEnabled=\"false\"/>\n\t<e:Image id=\"img_titlewin\" width=\"232\" height=\"80\" x=\"389\" y=\"0\" source=\"settle_win\"/>\n\t<e:Image id=\"img_titlehuang\" width=\"147\" height=\"79\" x=\"427\" y=\"0\" source=\"settle_huangpai\"/>\n\t<e:Image id=\"img_titlescore\" width=\"290\" height=\"85\" x=\"353\" y=\"0\" source=\"settle_score\"/>\n</e:Skin>"
    },
    {
      "path": "resource/UI_exml/Shop.exml",
      "content": "<?xml version=\"1.0\" encoding=\"utf-8\"?>\n<e:Skin class=\"Shop\" width=\"648\" height=\"300\" xmlns:e=\"http://ns.egret.com/eui\" xmlns:w=\"http://ns.egret.com/wing\">\n\t<e:List id=\"list_charge\" width=\"644\" height=\"299\" x=\"0\" y=\"0\" anchorOffsetX=\"0\" anchorOffsetY=\"0\">\n\t\t<e:layout>\n\t\t\t<e:HorizontalLayout/>\n\t\t</e:layout>\n\t</e:List>\n</e:Skin>"
    },
    {
      "path": "resource/UI_exml/ShopItem.exml",
      "content": "<?xml version=\"1.0\" encoding=\"utf-8\"?>\n<e:Skin class=\"ShopItem\" width=\"189\" height=\"223\" xmlns:e=\"http://ns.egret.com/eui\" xmlns:w=\"http://ns.egret.com/wing\">\n\t<e:Rect width=\"186\" height=\"216\" x=\"0\" y=\"4\" anchorOffsetX=\"0\" anchorOffsetY=\"0\"/>\n\t<e:Label id=\"label_diamond\" text=\"Label\" x=\"38\" y=\"14\" anchorOffsetX=\"0\" width=\"113\" textAlign=\"center\"/>\n\t<e:Image width=\"46\" height=\"44\" x=\"73.5\" y=\"89.5\" source=\"mf_diamond\"/>\n\t<e:Button id=\"btn_buy\" label=\"Button\" x=\"43\" y=\"166\" anchorOffsetX=\"0\" width=\"111\" anchorOffsetY=\"0\" height=\"43\"/>\n</e:Skin>"
    },
    {
      "path": "resource/eui_skins/ButtonSkin.exml",
      "content": "<?xml version=\"1.0\" encoding=\"utf-8\" ?>\n<e:Skin class=\"skins.ButtonSkin\" states=\"up,down,disabled\" minHeight=\"50\" minWidth=\"100\" xmlns:e=\"http://ns.egret.com/eui\">\n    <e:Image width=\"100%\" height=\"100%\" scale9Grid=\"1,3,8,8\" alpha.disabled=\"0.5\"\n             source=\"button_up_png\"\n             source.down=\"button_down_png\"/>\n    <e:Label id=\"labelDisplay\" top=\"8\" bottom=\"8\" left=\"8\" right=\"8\"\n             size=\"20\"\n             textColor=\"0xFFFFFF\" verticalAlign=\"middle\" textAlign=\"center\"/>\n    <e:Image id=\"iconDisplay\" horizontalCenter=\"0\" verticalCenter=\"0\"/>\n</e:Skin>\n"
    },
    {
      "path": "resource/eui_skins/CheckBoxSkin.exml",
      "content": "<?xml version=\"1.0\" encoding=\"utf-8\"?>\n<e:Skin class=\"skins.CheckBoxSkin\" states=\"up,down,disabled,upAndSelected,downAndSelected,disabledAndSelected\" xmlns:e=\"http://ns.egret.com/eui\">\n    <e:Group width=\"100%\" height=\"100%\">\n        <e:layout>\n            <e:HorizontalLayout verticalAlign=\"middle\"/>\n        </e:layout>\n        <e:Image fillMode=\"scale\" alpha=\"1\" alpha.disabled=\"0.5\" alpha.down=\"0.7\"\n                 source=\"checkbox_unselect_png\"\n                 source.upAndSelected=\"checkbox_select_up_png\"\n                 source.downAndSelected=\"checkbox_select_down_png\"\n                 source.disabledAndSelected=\"checkbox_select_disabled_png\"/>\n        <e:Label id=\"labelDisplay\" size=\"20\" textColor=\"0x707070\"\n                 textAlign=\"center\" verticalAlign=\"middle\"\n                 fontFamily=\"Tahoma\"/>\n    </e:Group>\n</e:Skin>\n"
    },
    {
      "path": "resource/eui_skins/HScrollBarSkin.exml",
      "content": "<?xml version=\"1.0\" encoding=\"utf-8\"?>\n<e:Skin class=\"skins.HScrollBarSkin\" minWidth=\"20\" minHeight=\"8\" xmlns:e=\"http://ns.egret.com/eui\">\n    <e:Image id=\"thumb\" source=\"roundthumb_png\" scale9Grid=\"3,3,2,2\" height=\"8\" width=\"30\" verticalCenter=\"0\"/>\n</e:Skin>\n"
    },
    {
      "path": "resource/eui_skins/HSliderSkin.exml",
      "content": "<?xml version=\"1.0\" encoding=\"utf-8\"?>\n<e:Skin class=\"skins.HSliderSkin\" minWidth=\"20\" minHeight=\"8\" xmlns:e=\"http://ns.egret.com/eui\">\n    <e:Image id=\"track\" source=\"track_sb_png\" scale9Grid=\"1,1,4,4\" width=\"100%\"\n             height=\"6\" verticalCenter=\"0\"/>\n    <e:Image id=\"thumb\" source=\"thumb_png\" verticalCenter=\"0\"/>\n</e:Skin>\n"
    },
    {
      "path": "resource/eui_skins/ItemRendererSkin.exml",
      "content": "<?xml version=\"1.0\" encoding=\"utf-8\" ?>\n<e:Skin class=\"skins.ItemRendererSkin\" states=\"up,down,disabled\" minHeight=\"50\" minWidth=\"100\" xmlns:e=\"http://ns.egret.com/eui\">\n</e:Skin>\n"
    },
    {
      "path": "resource/eui_skins/PanelSkin.exml",
      "content": "<?xml version=\"1.0\" encoding=\"utf-8\"?>\n<e:Skin class=\"skins.PanelSkin\" minHeight=\"230\" minWidth=\"450\" xmlns:e=\"http://ns.egret.com/eui\">\n    <e:Image left=\"0\" right=\"0\" bottom=\"0\"  top=\"0\" source=\"border_png\" scale9Grid=\"2,2,12,12\" />\n    <e:Group id=\"moveArea\" left=\"0\" right=\"0\" top=\"0\" height=\"45\">\n        <e:Image left=\"0\" right=\"0\" bottom=\"0\"  top=\"0\" source=\"header_png\"/>\n        <e:Label id=\"titleDisplay\" size=\"20\" fontFamily=\"Tahoma\" textColor=\"0xFFFFFF\"\n                 wordWrap=\"false\" left=\"15\" right=\"5\" verticalCenter=\"0\"/>\n    </e:Group>\n    <e:Button id=\"closeButton\" label=\"close\" bottom=\"5\" horizontalCenter=\"0\"/>\n</e:Skin>\n"
    },
    {
      "path": "resource/eui_skins/ProgressBarSkin.exml",
      "content": "<?xml version=\"1.0\" encoding=\"utf-8\"?>\n<e:Skin class=\"skins.ProgressBarSkin\" minWidth=\"30\" minHeight=\"18\" xmlns:e=\"http://ns.egret.com/eui\">\n\t<e:Image source=\"track_pb_png\" scale9Grid=\"1,1,4,4\" width=\"100%\"\n\t\t\t height=\"100%\" verticalCenter=\"0\"/>\n\t<e:Image id=\"thumb\" height=\"100%\" width=\"100%\" source=\"thumb_pb_png\"/>\n\t<e:Label id=\"labelDisplay\" textAlign=\"center\" verticalAlign=\"middle\"\n\t\t\t size=\"15\" fontFamily=\"Tahoma\" textColor=\"0x707070\"\n\t\t\t horizontalCenter=\"0\" verticalCenter=\"0\"/>\n</e:Skin>\n"
    },
    {
      "path": "resource/eui_skins/RadioButtonSkin.exml",
      "content": "<?xml version=\"1.0\" encoding=\"utf-8\"?>\n<e:Skin class=\"skins.RadioButtonSkin\" states=\"up,down,disabled,upAndSelected,downAndSelected,disabledAndSelected\" xmlns:e=\"http://ns.egret.com/eui\">\n    <e:Group width=\"100%\" height=\"100%\">\n        <e:layout>\n            <e:HorizontalLayout verticalAlign=\"middle\"/>\n        </e:layout>\n        <e:Image fillMode=\"scale\" alpha=\"1\" alpha.disabled=\"0.5\" alpha.down=\"0.7\"\n                 source=\"radiobutton_unselect_png\"\n                 source.upAndSelected=\"radiobutton_select_up_png\"\n                 source.downAndSelected=\"radiobutton_select_down_png\"\n                 source.disabledAndSelected=\"radiobutton_select_disabled_png\"/>\n        <e:Label id=\"labelDisplay\" size=\"20\" textColor=\"0x707070\"\n                 textAlign=\"center\" verticalAlign=\"middle\"\n                 fontFamily=\"Tahoma\"/>\n    </e:Group>\n</e:Skin>\n"
    },
    {
      "path": "resource/eui_skins/ScrollerSkin.exml",
      "content": "<?xml version=\"1.0\" encoding=\"utf-8\"?>\n<e:Skin class=\"skins.ScrollerSkin\" minWidth=\"20\" minHeight=\"20\" xmlns:e=\"http://ns.egret.com/eui\">\n    <e:HScrollBar id=\"horizontalScrollBar\" width=\"100%\" bottom=\"0\"/>\n    <e:VScrollBar id=\"verticalScrollBar\" height=\"100%\" right=\"0\"/>\n</e:Skin>"
    },
    {
      "path": "resource/eui_skins/TextInputSkin.exml",
      "content": "<?xml version='1.0' encoding='utf-8'?>\n<e:Skin class=\"skins.TextInputSkin\" minHeight=\"40\" minWidth=\"300\" states=\"normal,disabled,normalWithPrompt,disabledWithPrompt\" xmlns:e=\"http://ns.egret.com/eui\">\n\t<e:Image width=\"100%\" height=\"100%\" scale9Grid=\"1,3,8,8\" source=\"button_up_png\"/>\n\t<e:Rect height=\"100%\" width=\"100%\" fillColor=\"0xffffff\"/>\n \t<e:EditableText id=\"textDisplay\" verticalCenter=\"0\" left=\"10\" right=\"10\"\n\t                textColor=\"0x000000\" textColor.disabled=\"0xff0000\" width=\"100%\" height=\"24\" size=\"20\" />\n\t<e:Label id=\"promptDisplay\" verticalCenter=\"0\" left=\"10\" right=\"10\"\n\t                textColor=\"0xa9a9a9\" width=\"100%\" height=\"24\" size=\"20\" touchEnabled=\"false\" includeIn=\"normalWithPrompt,disabledWithPrompt\"/>\n</e:Skin>"
    },
    {
      "path": "resource/eui_skins/ToggleSwitchSkin.exml",
      "content": "<?xml version=\"1.0\" encoding=\"utf-8\"?>\n<e:Skin class=\"skins.ToggleSwitchSkin\" states=\"up,down,disabled,upAndSelected,downAndSelected,disabledAndSelected\" xmlns:e=\"http://ns.egret.com/eui\">\n    <e:Image source=\"on_png\"\n             source.up=\"off_png\"\n             source.down=\"off_png\"\n             source.disabled=\"off_png\"/>\n    <e:Image source=\"handle_png\"\n             horizontalCenter=\"-18\"\n             horizontalCenter.upAndSelected=\"18\"\n             horizontalCenter.downAndSelected=\"18\"\n             horizontalCenter.disabledAndSelected=\"18\"\n             verticalCenter=\"0\"/>\n</e:Skin>\n"
    },
    {
      "path": "resource/eui_skins/VScrollBarSkin.exml",
      "content": "<?xml version=\"1.0\" encoding=\"utf-8\"?>\n<e:Skin class=\"skins.VScrollBarSkin\" minWidth=\"8\" minHeight=\"20\" xmlns:e=\"http://ns.egret.com/eui\">\n    <e:Image id=\"thumb\" source=\"roundthumb_png\" scale9Grid=\"3,3,2,2\" height=\"30\" width=\"8\" horizontalCenter=\"0\"/>\n</e:Skin>\n"
    },
    {
      "path": "resource/eui_skins/VSliderSkin.exml",
      "content": "<?xml version=\"1.0\" encoding=\"utf-8\"?>\n<e:Skin class=\"skins.VSliderSkin\" minWidth=\"25\" minHeight=\"30\" xmlns:e=\"http://ns.egret.com/eui\">\n    <e:Image id=\"track\" source=\"track_png\" scale9Grid=\"1,1,4,4\" width=\"7\" height=\"100%\" horizontalCenter=\"0\"/>\n    <e:Image id=\"thumb\" source=\"thumb_png\" horizontalCenter=\"0\" />\n</e:Skin>\n"
    }
  ]
}