<?xml version="1.0" encoding="UTF-8"?>
<project name="deploy-baidu-trigger" default="deploy">

	<property name="host" value="192.168.1.3"/>
	<property name="username" value="root"/>
	<property name="password" value="linyu123.com"/>
	
	<target name="deploy">

		<!-- create deploy version -->
		<sshexec host="${host}" username="${username}"  password="${password}" trust="true"
			command="source /etc/profile;echo deploy.time=`date -d today +%Y%m%d_%H%M%S` > /data/samba/linyu/java-deploy/dntg_tw/server/deploy-version-build/deploy-version-build.txt"/>
		<loadproperties srcfile="\\192.168.1.3\Linyu Share\java-deploy\dntg_tw\server\deploy-version-build\deploy-version-build.txt"></loadproperties>

		<!-- check out -->
		<sshexec host="${host}" username="${username}"  password="${password}" trust="true"
			command="cd /data/java-build-dir/dntg/taiwan;svn checkout http://192.168.1.3/svn/dntg_java/dntg_server/trunk total_svn_co1 --username deploy --password deploy --non-interactive"/>

		<!-- deploy -->
		<sshexec host="${host}" username="${username}"  password="${password}" trust="true"
			command="source /etc/profile;cd /data/java-build-dir/dntg/taiwan/total_svn_co1;/usr/local/apache-ant-1.8.3/bin/ant -f total-build-taiwan.xml -Ddeploy_time=${deploy.time} -Dncd=true -Dnsqld=true"/>

		<!-- create deploy branch -->
		<sshexec host="${host}" username="${username}"  password="${password}" trust="true"
			command="cd /data/java-build-dir/dntg/taiwan;svn copy http://192.168.1.3/svn/dntg_java/dntg_server/trunk http://192.168.1.3/svn/dntg_java/dntg_server/taiwan_branches/${deploy.time} --username deploy --password deploy -m &quot;&quot; --non-interactive"/>
		
		<echo message="Deployed Version:${deploy.time}"/>
				
	</target>
	
</project>