<?xml version="1.0" encoding="UTF-8"?>
<!-- status=debug 可以查看log4j的装配过程级别有8个  ALL,TRACE, DEBUG, INFO, WARN, ERROR ,FATAL,OFF,如果monitorInterval设置为0或负数,不会对配置变更进行监测-->
<configuration status="warn" monitorInterval="1800">
	<properties>
		<property name="SERVER_ID">1</property>
		<property name="GAME_NAME">ST</property>
		<property name="PID">1</property>
		<property name="SERVER_NAME">game</property>
		<property name="LOG_HOME">/data/log/${SERVER_NAME}/${SERVER_ID}</property>
		<property name="LINGYU_HOME">/data/stat/lingyu/${SERVER_NAME}/${SERVER_ID}</property>
	</properties>
	<appenders>
		<!-- 定义控制台输出 -->
		<Console name="Console" target="SYSTEM_OUT" follow="true">
			<PatternLayout pattern="%date{yyyy-MM-dd HH:mm:ss.SSS} %level [%thread][%c{1}] - %msg%n" />
		</Console>
		<!-- 程序员调试日志 -->
		<RollingRandomAccessFile name="DevLog" fileName="${LOG_HOME}/${SERVER_NAME}"
			filePattern="${LOG_HOME}/${SERVER_NAME}.%d{yyyy-MM-dd-HH}.log">
			<PatternLayout pattern="%date{yyyy-MM-dd HH:mm:ss.SSS} %level [%thread][%c{1}] - %msg%n" />
			<Policies>
				<TimeBasedTriggeringPolicy interval="1" modulate="true" />
			</Policies>
		</RollingRandomAccessFile>
		<!-- 灵娱游戏产品数据分析日志 -->
		<RollingRandomAccessFile name="LingyuLog"
			fileName="${LINGYU_HOME}/${SERVER_NAME}"
			filePattern="${LINGYU_HOME}/${SERVER_NAME}.%d{yyyy-MM-dd-HH-mm}.log">
			<PatternLayout pattern="%msg%n" />
			<Policies>
				<TimeBasedTriggeringPolicy interval="5" modulate="true" />
			</Policies>
		</RollingRandomAccessFile>
	</appenders>
	<loggers>
		<!-- 3rdparty Loggers -->
		<asyncLogger name="org.springframework" level="warn">
		</asyncLogger>
		<asyncLogger name="io.netty" level="warn">
		</asyncLogger>
		<asyncLogger name="org.apache.http" level="warn">
		</asyncLogger>
		<asyncLogger name="org.apache.commons" level="warn">
		</asyncLogger>
		<asyncLogger name="com.mchange.v2" level="warn">
		</asyncLogger>
		<asyncLogger name="java.sql" level="warn">
		</asyncLogger>
		<!-- Game Stat  logger -->
		<asyncLogger name="com.lingyu.game.service.log.lingyu" level="info" additivity="false">
		<appender-ref ref="LingyuLog" />
		</asyncLogger>
		<!-- Root Logger -->
		<asyncRoot level="DEBUG">
		<appender-ref ref="DevLog" />
		<appender-ref ref="Console" />
		</asyncRoot>
	</loggers>
</configuration>