<?xml version="1.0" encoding="UTF-8"?>
<beans xmlns="http://www.springframework.org/schema/beans"
	   xmlns:xsi="http://www.w3.org/2001/XMLSchema-instance"
	   xmlns:context="http://www.springframework.org/schema/context"
	   xmlns:tx="http://www.springframework.org/schema/tx"
       xsi:schemaLocation="http://www.springframework.org/schema/beans http://www.springframework.org/schema/beans/spring-beans-3.2.xsd
       	http://www.springframework.org/schema/context http://www.springframework.org/schema/context/spring-context-3.2.xsd
     	http://www.springframework.org/schema/tx http://www.springframework.org/schema/tx/spring-tx-3.2.xsd">
 
	<!-- public share 模块 -->
	<bean id="publicMsgDispatcher" class="com.lingyu.common.message.PublicMsgDispatcher">
		<constructor-arg index="0" ref="publicExecutor"></constructor-arg>
		<constructor-arg index="1" ref="publicMessageMediator"></constructor-arg>
	</bean>
	 	
	 	<bean id="publicExecutor" class="com.lingyu.common.message.BalanceBusinessExecutor">
		<constructor-arg index="0" value="11"></constructor-arg>
		<constructor-arg index="1">
			<map>
				<!--key 1bus_cache 2 bus_init  3 stage 4 public -->
			<!--打牌，聊天，后期的排行榜等  -->
				<entry key="4" value="4"></entry>
			</map>
		</constructor-arg>
	</bean>
	
	<bean id="publicMessageMediator" class="com.lingyu.common.message.MessageMediator" depends-on="springContainer">
			<constructor-arg index="0" value="com.lingyu.game.action.publik"></constructor-arg>
	</bean>
</beans>