<?xml version="1.0" encoding="UTF-8"?>
   <beans xmlns="http://www.springframework.org/schema/beans"
	xmlns:xsi="http://www.w3.org/2001/XMLSchema-instance" xmlns:aop="http://www.springframework.org/schema/aop"
	xmlns:context="http://www.springframework.org/schema/context" xmlns:tx="http://www.springframework.org/schema/tx"
	xmlns:util="http://www.springframework.org/schema/util" xmlns:p="http://www.springframework.org/schema/p"
	xmlns:task="http://www.springframework.org/schema/task"
	xsi:schemaLocation="http://www.springframework.org/schema/beans http://www.springframework.org/schema/beans/spring-beans-3.2.xsd
          http://www.springframework.org/schema/aop http://www.springframework.org/schema/aop/spring-aop-3.2.xsd
          http://www.springframework.org/schema/context http://www.springframework.org/schema/context/spring-context-3.2.xsd
          http://www.springframework.org/schema/util http://www.springframework.org/schema/util/spring-util-3.2.xsd
          http://www.springframework.org/schema/jdbc http://www.springframework.org/schema/jdbc/spring-jdbc-3.2.xsd
          http://www.springframework.org/schema/task http://www.springframework.org/schema/task/spring-task-3.2.xsd"
          default-init-method="initialize" default-destroy-method="destroy">

	<!-- 激活利用注解进行装配 -->
	<context:annotation-config />
	<context:component-scan base-package="com.lingyu.game" />
	
	<bean id="springContainer" class="com.lingyu.common.util.SpringContainer"></bean>
	<bean id="resourceManager" class="com.lingyu.common.resource.ResourceManager" />
	<!-- 临时缓存管理器  -->
	<bean id="cacheManager" class="com.lingyu.common.cache.CustomCacheManager"/>
	
	<context:component-scan base-package="com.xianling.bus" />
	<context:component-scan base-package="com.xianling.stage" />
	<context:component-scan base-package="com.xianling.public_" />
	<context:component-scan base-package="com.xianling.gamerule" />
	<!-- module init -->
	<!-- public share模块  -->
	<import resource="public-config.xml"/>
	<!-- bus share模块  -->
	<import resource="bus-config.xml"/>
	<!-- stage share模块 
	<import resource="stage-config.xml"/>-->
</beans>