﻿[{"code":1001,"des":"用户已存在"},
{"code":1002,"des":"用户不存在"},
{"code":1003,"des":"角色不存"},
{"code":1004,"des":"房间不存在"},
{"code":1005,"des":"游戏已开始"},
{"code":1006,"des":"超出房间人数"},
{"code":1007,"des":"不在房间中"},
{"code":1008,"des":"操作异常"},
{"code":1009,"des":"牌不存在"},
{"code":1010,"des":"不是自己出牌"},
{"code":1011,"des":"已有属于自己的房间，无法创建房间"},
{"code":1012,"des":"不在房间中，无法解散"},
{"code":1013,"des":"房间已被房主解散"},
{"code":1014,"des":"不是房间创建者，无法解散房间"},
{"code":1015,"des":"已在房间中"},
{"code":1016,"des":"用户不存在"},
{"code":1017,"des":"消耗房卡全局配置异常"},
{"code":1018,"des":"用户不存在"},
{"code":1019,"des":"用户已存在"},
{"code":1020,"des":"用户不存在"},
{"code":1021,"des":"用户已存在"},
{"code":1022,"des":"用户不存在"},
{"code":1023,"des":"用户已存在"},
{"code":1024,"des":"用户不存在"},
{"code":1025,"des":"用户已存在"},
{"code":1026,"des":"用户不存在"},
{"code":1027,"des":"房间已存在，无法创建"},
{"code":1028,"des":"用户不存在"},
{"code":1029,"des":"用户已存在"},
{"code":1030,"des":"用户不存在"},
{"code":1031,"des":"用户已存在"},
{"code":1032,"des":"用户不存在"},
{"code":1033,"des":"用户已存在"},
{"code":1034,"des":"用户不存在"},
{"code":1035,"des":"碰杠胡，signMap不能为空"},
{"code":1036,"des":"操作异常，signMap中找不到roleId"},
{"code":1037,"des":"错误的登录类型"},
{"code":1038,"des":"找不到session"},
{"code":1039,"des":"用户已存在"},
{"code":1040,"des":"服务器升级维护中"},
{"code":1041,"des":"拉取微信用户数据失败"}]