<?xml version="1.0" encoding="UTF-8"?>
<project name="xianling_server" default="check_sql">

	<property name="xianling_server.remote.sql" value="\\192.168.1.3\Linyu Share\java-deploy\dntg\lan-sync.sql"></property>

	<target name="check_sql">
		
		<sshexec host="192.168.1.3" username="root"  password="linyu123.com" trust="true"
			command="source /etc/profile;sh /usr/local/my-shells/sql_diff.sh 192.168.1.3 linyu com.123 dntg_server_release 192.168.1.3 linyu com.123 dntg_server > /data/samba/linyu/java-deploy/dntg/lan-sync.sql"/>

		<sshexec host="192.168.1.3" username="root"  password="linyu123.com" trust="true"
			command="source /etc/profile;mysql dntg_server_release &lt; /data/samba/linyu/java-deploy/dntg/lan-sync.sql"/>

		<delete file="${xianling_server.remote.sql}"></delete>
		
	</target>
	
</project>